<?xml version="1.0" encoding="UTF-8"?>
<project xsi:schemaLocation="http://maven.apache.org/POM/4.0.0 http://maven.apache.org/xsd/maven-4.0.0.xsd" xmlns="http://maven.apache.org/POM/4.0.0"
    xmlns:xsi="http://www.w3.org/2001/XMLSchema-instance">
  <modelVersion>4.0.0</modelVersion>
  <groupId>com.onefengma.java</groupId>
  <artifactId>javaTest</artifactId>
  <version>1.2</version>
  <dependencies>
    <dependency>
      <groupId>com.onefengma.java</groupId>
      <artifactId>javaTest@jar</artifactId>
      <version>1.2</version>
      <scope>compile</scope>
    </dependency>
  </dependencies>
</project>
